website;category_id
insure-express.com;8.0
bytehome76.net;20.0
dombaby.io;17.0
nova24.ru;12.0
beautyeco.shop;26.0
style-plus.online;19.0
fitpro.net;15.0
babyhealth.net;9.0
giftroom.com;7.0
socialonline56.shop;2.0
food24.online;29.0
musicworld.io;9.0
tech-store.com;2.0
avtohome85.io;19.0
socialplus.shop;11.0
click-discount.io;13.0
ecoelectro.com;10.0
globe-24.net;14.0
globe-health.net;18.0
kinonow.io;19.0
babystore.ru;22.0
domdeal.online;9.0
bank-online88.io;25.0
beauty-world.shop;7.0
news-shop.online;28.0
nova24.net;3.0
expresshome.ru;20.0
edumarket.online;6.0
nova-now10.com;27.0
smartshop.shop;21.0
travelroom9.com;2.0
megagrand.net;29.0
discountlearn.com;6.0
sportcenter.ru;3.0
babyexpress.shop;16.0
expressmarket.online;30.0
sale-deal.net;8.0
shophub.io;2.0
ticket-plus79.online;17.0
learnroom.io;9.0
shopkino.ru;30.0
petskino.shop;12.0
kinoonline.online;3.0
foodpro.ru;11.0
smartexpert16.online;23.0
discount2433.com;13.0
nova-center.io;15.0
musictoday.io;26.0
travelcity29.online;5.0
bank-space31.io;21.0
giftgreen.online;30.0
medzone.online;17.0
petscity.com;25.0
travel2478.io;23.0
electrodeal73.net;24.0
giftonline.io;25.0
citystore.online;6.0
megashop33.ru;28.0
trendpro.com;21.0
financetoday.com;22.0
healthdeal.io;11.0
marketexpert.io;18.0
edu243.online;4.0
clickmarket97.com;3.0
edustore3.shop;13.0
globe-store.online;23.0
gamediscount.shop;9.0
shopstore.shop;21.0
babydeal.ru;6.0
turbopro.io;26.0
apteka-pro.shop;30.0
turbofinance.online;28.0
service-now21.net;12.0
newshome91.com;2.0
newsgreen.net;3.0
gift-online.ru;3.0
gift-center.ru;28.0
fit-plus.shop;12.0
newsroom32.ru;15.0
music-club.com;9.0
insure24.online;23.0
learn-now.ru;8.0
green2413.net;11.0
greenapteka.ru;16.0
globe-market.net;26.0
edu-plus.online;27.0
petsexpert.shop;25.0
discount-store.ru;22.0
foodexpert.ru;4.0
market-market.online;28.0
click24.ru;24.0
aptekamarket.shop;7.0
avtookno.com;2.0
bankstore15.net;24.0
stylestore.net;28.0
ticketpro.online;5.0
med-food.online;7.0
domdeal.com;4.0
financedeal39.online;5.0
petsspace.online;24.0
avtotoday.com;15.0
travelworld.net;20.0
learntehno.online;19.0
travelhome.net;29.0
fitexpert.net;10.0
eco-zone.online;28.0
mega-shop.ru;18.0
newscenter.net;28.0
avtostyle.online;3.0
gamehub.shop;11.0
aptekacenter.com;15.0
newsspace.ru;27.0
shop2433.online;30.0
novaplus.net;11.0
bankhome.shop;17.0
gamelearn.shop;17.0
learnspace.net;6.0
healthclub.shop;5.0
electrospace.online;8.0
beautydeal8.shop;2.0
okno-zone.shop;16.0
market-club.com;20.0
bankcenter.shop;24.0
eco-insure.online;12.0
ticket-remont.online;6.0
food-home.ru;4.0
trendtravel.com;17.0
tehnopro.io;13.0
grandonline.io;18.0
financecenter.com;5.0
clickzone.io;30.0
healthmarket95.online;24.0
bytecity.io;24.0
sport-pro.ru;27.0
giftworld.online;3.0
shop-hub91.net;11.0
trendhub.online;13.0
smartremont.online;4.0
saleexpert35.com;26.0
food-now90.io;27.0
foodexpert.io;14.0
fitclub.com;22.0
social-home.shop;11.0
babyhealth.online;27.0
dombank.io;10.0
pets-world95.io;19.0
sportspace.io;18.0
express-shop49.shop;6.0
beautyshop.net;27.0
learncity.online;29.0
globe-hub.com;15.0
discountsmart.ru;21.0
beauty-zone.online;30.0
remontworld.com;10.0
grand-shop.io;5.0
service-shop.ru;26.0
ecomarket.io;29.0
gardenexpert.io;5.0
gameworld62.net;10.0
petszone.net;28.0
trendspace.net;5.0
babyshop14.online;3.0
megagreen.ru;23.0
expressstore.ru;6.0
musicshop.shop;4.0
dommarket.io;18.0
greencenter.com;28.0
giftexpert.net;9.0
remont-nova.ru;17.0
expressdeal.net;29.0
med-shop.net;13.0
oknozone.io;27.0
clickbyte.online;15.0
musicclub.online;30.0
turbocity.shop;20.0
avto-2456.io;17.0
green-eco.net;13.0
marketspace.io;16.0
medroom.online;22.0
giftmarket.io;4.0
gardenedu.shop;5.0
megatoday.io;5.0
bankcenter.net;9.0
gamepro.ru;17.0
socialpro.io;13.0
okno-zone.net;2.0
tehnohome.com;13.0
discountroom43.net;22.0
market-plus.ru;27.0
musicspace.io;23.0
citypro.online;19.0
saletoday.io;3.0
tehnoclub.com;10.0
healthpro.net;2.0
green-city.shop;13.0
fashion24.net;19.0
fashionworld.net;26.0
learn-pro.ru;17.0
novahome.ru;21.0
globe-deal62.com;14.0
tickettoday.net;12.0
nova-now.shop;21.0
eduplus.net;12.0
kino-deal.net;11.0
market24.com;7.0
socialstore.shop;4.0
edumarket64.online;19.0
okno-insure.net;28.0
gardenapteka.ru;24.0
healthonline.shop;29.0
fooddom.shop;3.0
learnpro.ru;13.0
cityspace.shop;15.0
turbohub.com;2.0
express-zone.io;11.0
insure-learn.shop;4.0
grandhub.online;19.0
medplus.online;29.0
ticket-online.com;17.0
music2491.ru;3.0
remontclick.shop;28.0
sale-store.com;18.0
educlub.online;8.0
giftpro.net;22.0
food-apteka.shop;25.0
kinomarket.net;24.0
domstore.com;26.0
learn-center.net;19.0
insureworld.online;5.0
learnzone34.net;7.0
smart-today.io;21.0
baby-store.io;8.0
globe-hub.net;28.0
tehnoservice.shop;5.0
tehnosport.com;17.0
sale-world93.net;5.0
garden-space.online;4.0
discounttoday.net;22.0
finance-home.online;19.0
meddeal79.net;27.0
financetoday.net;21.0
green2466.ru;2.0
gifthome.net;11.0
gamezone27.shop;22.0
market24.io;13.0
financeplus.shop;15.0
style-gift.ru;12.0
ticket-24.com;22.0
edutoday.ru;21.0
tehnohub.com;22.0
clickclub.shop;11.0
market-space.ru;7.0
kinocity.io;28.0
aptekanova.net;5.0
smartexpert.io;17.0
salepro.io;24.0
cityzone.com;20.0
turbo-market.ru;9.0
socialspace.net;14.0
smart-globe.net;26.0
service-today7.com;12.0
insure-today.net;6.0
pets-sale.net;17.0
travelpro17.shop;19.0
beautyspace57.ru;19.0
gametoday.online;26.0
beautymarket.io;16.0
avtofashion.ru;12.0
insuremarket.online;12.0
dommarket2.ru;20.0
saleexpert.net;6.0
grandzone91.online;23.0
babyhome48.online;26.0
meganova.io;4.0
megamusic.online;6.0
tech-baby.io;11.0
remontclub.ru;30.0
avto-store29.net;24.0
fashion-space.com;23.0
music-byte.com;15.0
remontonline.shop;27.0
beauty-turbo.com;11.0
kinoexpert.io;25.0
newslearn.online;19.0
megafashion.shop;18.0
learnspace.online;17.0
newsclub45.com;19.0
beautytoday.ru;21.0
musiccenter.net;14.0
okno-club.ru;27.0
greenexpert.ru;18.0
oknostore.shop;28.0
globeclub.com;19.0
turboroom.com;15.0
foodhub60.net;15.0
techmarket.online;4.0
medstore71.net;7.0
insurecenter.net;13.0
novagame.online;3.0
financecity.net;16.0
shop-expert.com;9.0
newstrend.net;8.0
aptekaonline.com;20.0
trendzone.shop;13.0
stylenews.shop;17.0
aptekaroom.online;17.0
globeexpert.shop;17.0
techtoday69.ru;8.0
grand-home.shop;19.0
kinoonline91.online;6.0
giftclub12.online;3.0
financemarket.ru;27.0
avto-today.ru;5.0
med24.com;13.0
beautyroom41.online;15.0
globe24.io;14.0
servicemarket.io;29.0
ecotoday.shop;23.0
finance-store.online;16.0
styleworld.io;18.0
musicroom76.ru;22.0
tech-2436.online;29.0
fashiontravel.ru;22.0
giftplus.online;11.0
food-shop.ru;3.0
petsticket.ru;22.0
trend-plus79.shop;10.0
ticketpro.net;10.0
expresshub.ru;30.0
socialmarket.com;21.0
mega-deal.ru;16.0
greenshop.com;12.0
market-pro98.shop;2.0
gamesport.com;9.0
globetrend.ru;24.0
saleroom.shop;3.0
servicekino.shop;24.0
avtonow.net;30.0
giftshop.ru;25.0
salebyte.ru;30.0
discountworld.ru;15.0
baby-fit.com;3.0
social-center.shop;19.0
click-zone.shop;18.0
shop-grand.io;8.0
medgreen.shop;26.0
novaplus.io;17.0
insurespace48.net;8.0
giftmed.net;7.0
bank-expert.net;30.0
domtoday.ru;7.0
babyonline.ru;3.0
citycenter.shop;4.0
fashionspace83.online;5.0
fashioncenter69.shop;15.0
tickettoday93.com;5.0
med-2452.net;13.0
aptekaexpert.shop;8.0
kinofood.shop;8.0
tech24.ru;5.0
turboexpert58.ru;28.0
garden-club.net;9.0
oknozone.ru;4.0
domshop.ru;3.0
globe-plus26.io;2.0
financehome.com;8.0
style-home.shop;23.0
turboremont.shop;9.0
sportonline.net;2.0
insuregrand.io;14.0
finance-plus34.shop;14.0
apteka-space.ru;4.0
educenter86.io;30.0
shopclub.ru;6.0
kinohub.ru;11.0
marketdom.net;3.0
edu-city.ru;8.0
discountspace.com;3.0
electro24.online;14.0
kino-24.online;28.0
fashionzone.online;13.0
avtoshop.io;13.0
fithome.shop;2.0
bank-zone.online;13.0
foodclub.ru;29.0
healthhome9.com;19.0
grandroom.ru;27.0
bankcity.com;6.0
bank-baby.io;16.0
learnhome51.com;2.0
petsdeal.ru;8.0
smartshop.com;17.0
express-room.online;23.0
ecomarket.com;2.0
medexpert.com;10.0
garden-market.online;28.0
fittoday.io;16.0
trend-center.io;6.0
tech-food.net;28.0
domonline.io;2.0
insureturbo.ru;2.0
fashion-sale.io;26.0
avtoroom.net;13.0
fitonline.shop;24.0
turbo-zone.io;15.0
service-store.io;28.0
oknoplus21.net;2.0
turbonow.com;7.0
sportcity.net;3.0
clicknow.online;8.0
gardenpro75.online;23.0
insurenow.shop;14.0
grandroom82.net;24.0
eduspace.net;30.0
tech-eco.net;23.0
fit-city.shop;27.0
techglobe.online;22.0
turbobaby.shop;29.0
greeneco.online;7.0
greenmarket.shop;21.0
beautyhome.com;7.0
ecospace.shop;17.0
styleroom.net;9.0
gardenhome.io;30.0
travelmarket.com;21.0
express-now.ru;13.0
green-hub54.com;21.0
turbomarket22.com;19.0
gardenhub.com;21.0
novastore.io;19.0
stylepro.io;25.0
grand-mega.com;25.0
learntoday.com;22.0
stylesale.net;17.0
expressnow.shop;23.0
financeelectro.net;23.0
sporttoday.net;30.0
citynow.ru;10.0
edudeal.net;10.0
insure-market.io;4.0
babyworld45.net;8.0
tehnostore13.io;22.0
smart-baby.net;20.0
kinohome.ru;20.0
clickhome63.com;18.0
electroclub.io;14.0
bytemarket.online;18.0
salehub.ru;28.0
babyexpert.com;14.0
dom-insure.ru;20.0
express-apteka.ru;21.0
musichub.io;24.0
fittoday.shop;15.0
dom-food.net;22.0
music-space60.com;30.0
greenonline.shop;4.0
stylenow.shop;13.0
smarttehno.io;27.0
salezone.net;23.0
newsshop99.net;8.0
fit-pro.online;18.0
greencity.shop;12.0
globehome.com;23.0
avto-24.net;14.0
ecoworld.online;2.0
saledeal.com;18.0
fitworld.ru;24.0
edustore14.com;2.0
avto-club.shop;11.0
health24.io;9.0
newsplus.net;12.0
fashionstore.online;17.0
pets-city.net;15.0
bankworld.io;25.0
petstoday.online;17.0
discount-now4.net;26.0
babyspace.ru;29.0
bank-deal.shop;26.0
gameclub16.net;18.0
insure-space.com;22.0
byteroom.io;6.0
avtoroom71.shop;17.0
bank-store.ru;23.0
greenzone.net;24.0
smartdom.shop;18.0
techworld.ru;8.0
electrobeauty.net;9.0
beauty-dom.online;6.0
insure-room.io;5.0
trendcenter.com;12.0
shop-zone10.net;25.0
eco-tehno.online;29.0
gardennow.io;28.0
citynova.io;11.0
ticket-club.online;25.0
fitgift.ru;11.0
techhome.online;19.0
fashioncity.net;9.0
learnnova.online;27.0
foodroom.shop;2.0
kinoplus.com;12.0
musicbeauty.shop;4.0
okno-electro.shop;4.0
babyclub.io;18.0
clickfinance.io;15.0
oknomarket.net;19.0
ecoworld.io;13.0
tech-room.com;19.0
express-center.com;17.0
expressspace.shop;6.0
sportcity.shop;16.0
dom-deal.com;24.0
gamepro.net;12.0
shop-online.net;19.0
travel24.net;5.0
electroclub46.shop;17.0
megaremont.shop;26.0
servicedeal.online;23.0
grandokno.ru;26.0
tehnostore.online;29.0
finance-shop28.io;28.0
food-club.online;27.0
learnpro.online;25.0
health-click.ru;24.0
remontspace.io;23.0
gifthome.shop;10.0
dom-home.online;15.0
fashionshop.shop;23.0
med-pro.io;21.0
apteka-remont.ru;21.0
sport-zone.shop;11.0
financeservice.online;13.0
gamedeal.io;5.0
discountshop.io;24.0
musiccenter7.net;12.0
sportclub.io;11.0
turbotoday99.net;17.0
megacity.io;4.0
electro-beauty.ru;15.0
healthcenter.shop;25.0
travel-243.net;30.0
fitnow76.io;9.0
trend-tech.shop;21.0
aptekacity.io;20.0
stylehome.shop;19.0
stylemarket.com;19.0
turbo-zone.shop;12.0
avtostore.com;5.0
click-today65.shop;10.0
gifthub.shop;17.0
electro-hub.net;5.0
remonthub90.online;22.0
learn-home.shop;16.0
smart-today.online;7.0
okno-style.net;28.0
techspace61.shop;9.0
learnshop16.shop;3.0
sale-center18.shop;15.0
kinostore10.shop;16.0
saleglobe.shop;18.0
expresszone.com;14.0
techstore.shop;3.0
byteinsure.net;12.0
financespace65.online;9.0
ticketnow.shop;28.0
salestore.online;7.0
electro-plus.shop;9.0
gametoday.shop;13.0
beauty-deal77.io;18.0
mega-2481.net;5.0
techexpert34.shop;13.0
salepro98.net;4.0
city-edu.online;2.0
sale-24.online;16.0
social-city16.shop;9.0
tech-zone50.io;9.0
fashionmarket7.net;6.0
avto-online.net;11.0
insureexpert.online;22.0
saleplus.shop;24.0
social-expert.com;22.0
musicnow.com;4.0
foodstore.ru;13.0
finance-today61.ru;23.0
techmarket13.ru;13.0
cityspace46.online;13.0
saleplus.net;2.0
game-store.ru;9.0
eco-trend.online;24.0
avtospace71.com;8.0
avtozone97.io;7.0
gardenmarket.net;4.0
okno-city.net;18.0
edu24.shop;3.0
discountsocial.com;28.0
apteka-deal.online;6.0
giftexpert.online;12.0
gardenhome.net;12.0
oknoplus.com;21.0
grandzone.io;28.0
smart-online99.io;8.0
greendeal.com;22.0
sale-pro.ru;22.0
trend-home19.net;4.0
servicenews.online;21.0
stylepro.ru;28.0
greenworld45.net;11.0
remontnow.online;3.0
express-city42.online;13.0
edu-hub.com;25.0
kinotoday.com;17.0
giftfinance.online;22.0
city24.online;22.0
trend-online.shop;10.0
insure-room46.ru;21.0
oknosmart.com;12.0
okno-market75.com;15.0
gameapteka.online;21.0
ticketcenter.io;10.0
baby-world.ru;14.0
giftnow.io;13.0
gift-store.shop;5.0
giftclub.online;6.0
tehnoexpert.ru;24.0
globecenter.ru;2.0
avtobaby.shop;22.0
sportlearn.io;17.0
gardenglobe.online;4.0
finance-beauty.io;14.0
baby2434.com;10.0
ecoroom21.ru;3.0
garden-electro.online;25.0
kinoshop.ru;3.0
learn24.io;15.0
megapro.com;6.0
gift-travel.online;17.0
trendfinance.shop;12.0
expresspro.com;22.0
fitgift.shop;20.0
techstore.com;24.0
globekino.shop;29.0
ticketstore.com;11.0
smart-pro.online;25.0
okno-center.shop;4.0
expresshome.com;26.0
learnnow73.com;28.0
finance-expert.ru;26.0
city-deal.online;6.0
sport-pets.online;20.0
financemarket.net;23.0
beauty24.io;28.0
musicnova.com;16.0
giftfinance.shop;15.0
shopzone.com;17.0
newshome.online;8.0
babyroom.ru;28.0
megaplus.ru;26.0
socialhub.shop;12.0
avtoonline.com;27.0
trend-24.com;22.0
salehome.net;21.0
marketplus.online;10.0
aptekatoday.com;27.0
byte-plus12.io;15.0
music-home.net;30.0
beauty24.online;9.0
fashion-expert.net;2.0
smartglobe.io;5.0
trendhome.com;6.0
style-space.ru;7.0
oknopro.online;21.0
domexpert.shop;25.0
domhome24.com;23.0
beauty-okno.online;26.0
tech-expert.io;7.0
novaremont.online;20.0
fashioncity.io;25.0
garden-store69.shop;30.0
avtoonline.online;12.0
sportshop.io;16.0
electropro.ru;16.0
clickshop.com;11.0
smartfood.online;21.0
green-today96.online;4.0
discountokno.io;13.0
marketnow.online;7.0
social-club57.ru;4.0
smartspace.com;15.0
mednews.com;19.0
grand-expert.net;9.0
socialzone.ru;11.0
styleworld.shop;8.0
ecostore.ru;23.0
healthzone.shop;25.0
saleshop.online;24.0
remonttoday.io;8.0
ecohome.shop;13.0
med-kino.online;22.0
oknofit.online;27.0
social-center99.online;4.0
avtokino.shop;8.0
domzone.ru;3.0
learncenter12.com;29.0
oknozone.online;9.0
mega-zone.online;29.0
electroonline86.shop;2.0
globe-store.ru;2.0
bankgrand.shop;28.0
turbohome.ru;13.0
food-world.io;15.0
kino-24.io;28.0
bankcenter.online;23.0
beautyhub.net;12.0
musiconline.ru;26.0
socialzone.online;4.0
foodzone.net;26.0
styleonline33.ru;8.0
learnroom.net;9.0
medonline.com;23.0
bank24.shop;5.0
baby-24.ru;20.0
turbo-market.net;18.0
financeonline.online;11.0
citycenter32.shop;15.0
remontzone63.com;28.0
electro-smart.com;22.0
fitspace.net;9.0
finance-today.ru;17.0
style-pro6.online;27.0
foodhub.shop;26.0
travelgame.ru;12.0
health-hub.io;7.0
petshome.io;10.0
eco-game.shop;25.0
bytetoday37.net;26.0
globetoday92.shop;25.0
music-zone.net;10.0
health-city.shop;27.0
travel-byte.shop;13.0
tehnoworld.online;19.0
ticketclub.online;11.0
fitspace.online;13.0
discountclub.com;21.0
newsmarket.online;8.0
bankgift.shop;8.0
sale-shop.online;4.0
finance-click.shop;15.0
turboonline.ru;28.0
expressroom.com;11.0
eco-green.online;11.0
medcity.net;17.0
kino-turbo.online;15.0
oknoworld.net;20.0
healthshop.com;6.0
fashiontoday26.ru;24.0
eduonline13.ru;22.0
novaroom.net;28.0
petsplus.shop;25.0
sale-insure.online;15.0
bytehome3.ru;9.0
learncity6.ru;14.0
petsremont.online;18.0
music-remont.net;26.0
cityworld.com;17.0
healtheco.online;18.0
bankfood.com;5.0
insure-market.online;20.0
ticketexpert.online;20.0
garden-home.com;9.0
discount-home64.shop;11.0
beauty-zone8.shop;24.0
apteka-food.com;22.0
servicemarket63.net;18.0
aptekaclub80.ru;6.0
garden-health.io;27.0
turbocenter.io;2.0
banktoday.online;15.0
megaremont.io;29.0
insure-store.net;26.0
markethealth.shop;21.0
smarttoday35.io;14.0
techspace.online;5.0
insuredeal.ru;6.0
oknopro.net;6.0
avto-pro.shop;30.0
eduworld.shop;22.0
globetoday.shop;30.0
smartcenter.ru;18.0
social2461.net;14.0
megastore.online;10.0
insure-plus.io;14.0
medavto.io;13.0
news-apteka.com;30.0
ticketcenter.online;3.0
fashioninsure.com;30.0
grandplus44.com;6.0
sport-edu.shop;29.0
megahome21.online;8.0
edu-center.net;12.0
smartcity.com;13.0
trendsocial.online;11.0
electromarket6.com;12.0
healtheco.net;17.0
foodzone.io;16.0
fitonline.io;11.0
smartexpert.online;13.0
styletoday37.net;18.0
serviceonline.online;11.0
giftcity.io;28.0
ticketplus.io;12.0
social-club.net;6.0
city-market.shop;9.0
discounthome.online;16.0
trendfood.io;4.0
tehnodeal.io;3.0
giftspace26.com;28.0
byteclub.com;16.0
socialroom31.net;24.0
baby-deal.ru;9.0
baby-deal.ru;16.0
healthclub22.online;26.0
healthclub22.online;28.0
bytepro.io;8.0
bytepro.io;29.0
ecocity.ru;7.0
ecocity.ru;16.0
ticketonline.com;2.0
ticketonline.com;12.0
servicenow.online;25.0
servicenow.online;8.0
insureshop.online;14.0
insureshop.online;2.0
petsclick.com;21.0
petsclick.com;8.0
babypets.net;5.0
babypets.net;21.0
learnzone30.com;13.0
learnzone30.com;7.0
ecomarket51.ru;11.0
ecomarket51.ru;13.0
shop-shop.shop;21.0
shop-shop.shop;12.0
ecoworld.net;14.0
ecoworld.net;22.0
novamarket.io;8.0
novamarket.io;4.0
grandworld.com;6.0
grandworld.com;5.0
babymarket.ru;23.0
babymarket.ru;24.0
servicezone.net;19.0
servicezone.net;9.0
bank-social.online;17.0
bank-social.online;26.0
baby246.shop;17.0
turboclick.ru;22.0
turboclick.ru;28.0
green-plus.shop;15.0
green-plus.shop;28.0
turbo-plus.online;25.0
turbo-plus.online;18.0
health-store.com;5.0
health-store.com;21.0
discountcity.com;6.0
discountcity.com;4.0
discounthub.ru;4.0
discounthub.ru;24.0
shoproom.net;28.0
shoproom.net;27.0
electrobeauty.shop;24.0
electrobeauty.shop;5.0
techtoday.ru;21.0
techtoday.ru;14.0
tehno-online.ru;28.0
tehno-online.ru;13.0
newsstore.ru;9.0
newsstore.ru;14.0
health-nova.shop;20.0
health-nova.shop;29.0
expressspace.online;30.0
expressspace.online;26.0
health24.shop;13.0
health24.shop;7.0
grandlearn.ru;17.0
grandlearn.ru;15.0
smartmarket75.shop;7.0
smartmarket75.shop;26.0
gamecenter.online;2.0
gamecenter.online;30.0
trendonline72.net;27.0
bytemusic.ru;23.0
bytemusic.ru;29.0
bankworld.shop;6.0
bankworld.shop;26.0
turboclub.online;10.0
turboclub.online;2.0
globedeal.ru;9.0
globedeal.ru;17.0
marketmarket.online;11.0
marketmarket.online;19.0
marketmega.shop;24.0
marketmega.shop;6.0
nova-deal77.net;5.0
nova-deal77.net;7.0
electroexpert.online;28.0
electroexpert.online;4.0
aptekashop.net;16.0
aptekashop.net;21.0
bank-now56.ru;22.0
bank-now56.ru;19.0
newscenter64.online;24.0
newscenter64.online;6.0
fitworld.shop;7.0
fitworld.shop;2.0
styletoday.shop;2.0
styletoday.shop;9.0
remont-deal.net;14.0
remont-deal.net;30.0
expresscenter.online;2.0
expresscenter.online;4.0
novapro71.online;8.0
novapro71.online;25.0
smartstore.ru;9.0
smartstore.ru;29.0
musictoday.net;4.0
musictoday.net;20.0
beautydeal.ru;22.0
beautydeal.ru;13.0
cityspace95.com;6.0
cityspace95.com;26.0
gamespace.online;8.0
gamespace.online;21.0
game-online.shop;26.0
game-online.shop;29.0
stylenow.online;30.0
stylenow.online;27.0
sportpro.shop;14.0
sportpro.shop;19.0
avtoonline50.io;17.0
educlub.net;9.0
educlub.net;12.0
baby-beauty.com;17.0
baby-beauty.com;14.0
edu-club.online;3.0
edu-club.online;18.0
grandservice.io;21.0
grandservice.io;3.0
expressplus47.online;21.0
expressplus47.online;11.0
megapro32.com;6.0
megapro32.com;30.0
marketcity.net;29.0
marketcity.net;10.0
foodmarket.online;26.0
foodmarket.online;22.0
beautyclub8.ru;2.0
ticket-pro.io;9.0
ticket-pro.io;24.0
discountmarket.online;27.0
discountmarket.online;15.0
socialstore.com;7.0
socialstore.com;30.0
shoproom46.io;14.0
shoproom46.io;21.0
globecenter83.ru;27.0
globecenter83.ru;12.0
smartzone69.ru;2.0
smartzone69.ru;15.0
service-tech.com;8.0
service-tech.com;16.0
music-expert33.net;4.0
healthhome.net;20.0
healthhome.net;2.0
insure-travel.com;12.0
insure-travel.com;27.0
expresscenter.ru;20.0
expresscenter.ru;17.0
domdeal.io;24.0
gift-space.ru;20.0
gift-space.ru;29.0
mega-plus89.io;10.0
mega-plus89.io;18.0
learnexpert.ru;3.0
learnexpert.ru;26.0
babyclick.shop;29.0
babyclick.shop;23.0
avtohome69.com;13.0
avtohome69.com;21.0
babypro87.net;6.0
babypro87.net;12.0
health-learn.net;18.0
health-learn.net;6.0
gardenzone.io;4.0
city2487.com;11.0
city2487.com;10.0
medcity.com;20.0
aptekastore.com;10.0
aptekastore.com;21.0
electrozone23.net;26.0
electrozone23.net;23.0
techonline.shop;16.0
techonline.shop;26.0
service-online.ru;8.0
service-online.ru;18.0
fitmed.net;3.0
fitmed.net;27.0
aptekaworld.ru;25.0
aptekaworld.ru;29.0
remont-finance.io;20.0
remont-finance.io;15.0
tehnospace.com;13.0
tehnospace.com;30.0
fashionsocial.io;17.0
fashionsocial.io;23.0
domhub.shop;3.0
domhub.shop;18.0
grandclub.io;30.0
grandclub.io;14.0
baby-zone.com;22.0
baby-zone.com;21.0
financenow.com;26.0
financenow.com;11.0
foodbeauty.online;3.0
foodbeauty.online;30.0
fashion244.io;22.0
fashion244.io;19.0
fashion-now.net;30.0
fashion-now.net;6.0
beauty-deal53.ru;13.0
beauty-deal53.ru;27.0
game-social.ru;6.0
game-social.ru;3.0
sale-kino.com;10.0
medpro9.net;27.0
medpro9.net;23.0
megastore.com;21.0
megastore.com;18.0
oknozone.net;3.0
oknozone.net;21.0
gardenpro.shop;5.0
gardenpro.shop;4.0
gametehno.online;8.0
gametehno.online;3.0
byte-center.shop;25.0
byte-center.shop;6.0
dom-plus.io;27.0
dom-plus.io;17.0
mega-deal.io;19.0
avtogrand.com;3.0
avtogrand.com;10.0
tehno-today9.ru;21.0
tehno-today9.ru;17.0
pets-fashion.online;20.0
pets-fashion.online;13.0
gardenhome.ru;28.0
gardenhome.ru;20.0
tehnoremont.ru;27.0
tehnoremont.ru;10.0
shoproom.ru;8.0
shoproom.ru;25.0
stylezone.shop;3.0
med-club31.net;15.0
med-club31.net;16.0
electrospace96.online;29.0
electrospace96.online;2.0
discounthome70.com;18.0
discounthome70.com;5.0
click-hub.net;12.0
click-hub.net;22.0
kinohealth.net;29.0
kinohealth.net;28.0
novagarden.online;5.0
novagarden.online;15.0
marketcenter.io;22.0
marketcenter.io;23.0
express-store.com;23.0
turbo-hub.com;23.0
turbo-hub.com;25.0
food-city.io;18.0
food-city.io;25.0
dom-online.com;4.0
dom-online.com;2.0
fashion-deal.online;28.0
fashion-deal.online;15.0
babymarket.net;4.0
babymarket.net;18.0
ticketonline34.net;10.0
ticketonline34.net;28.0
newscity42.online;13.0
newscity42.online;12.0
marketzone76.io;9.0
marketzone76.io;13.0
novadeal.io;2.0
novadeal.io;7.0
discountroom.shop;29.0
discountroom.shop;9.0
beautytoday.shop;24.0
beautytoday.shop;26.0
ecoinsure.ru;27.0
ecoinsure.ru;19.0
avto-social.ru;15.0
avto-social.ru;8.0
fit-garden.online;12.0
fit-garden.online;18.0
fit-online.net;6.0
fit-online.net;11.0
turbo-today64.online;10.0
turbo-today64.online;20.0
tehnodeal.shop;15.0
tehnodeal.shop;23.0
bankpets.com;22.0
bankpets.com;26.0
travel24.online;5.0
travel24.online;13.0
nova-expert.online;30.0
nova-expert.online;26.0
edu-pro10.ru;26.0
edu-pro10.ru;28.0
sportcenter.shop;9.0
sportcenter.shop;25.0
discountstore.net;6.0
discountstore.net;4.0
markettech.online;9.0
markettech.online;21.0
turboplus.ru;12.0
turboplus.ru;3.0
tehnodeal.online;28.0
tehnodeal.online;24.0
learnsmart.online;25.0
learnsmart.online;21.0
newsgarden.net;29.0
newsgarden.net;18.0
beauty-avto.net;29.0
beauty-avto.net;17.0
insureexpert.com;6.0
insureexpert.com;10.0
social-store.com;4.0
social-store.com;8.0
trendcity.ru;23.0
trendcity.ru;6.0
green-24.io;11.0
green-24.io;14.0
trend-pro.shop;16.0
trend-pro.shop;4.0
sportzone.shop;22.0
sportzone.shop;18.0
finance-today54.shop;16.0
finance-today54.shop;11.0
musicfinance.online;15.0
musicfinance.online;2.0
avto-center.shop;22.0
oknoapteka.io;21.0
oknoapteka.io;6.0
gardenplus79.com;7.0
gardenplus79.com;6.0
electrospace69.ru;9.0
techplus.online;13.0
techplus.online;23.0
domhub.net;13.0
gameonline.ru;5.0
beauty-zone.shop;4.0
beauty-zone.shop;29.0
gameexpert.shop;16.0
gameexpert.shop;29.0
giftshop.online;19.0
giftshop.online;9.0
grand-now.io;29.0
grand-now.io;7.0
aptekaservice.shop;28.0
aptekaservice.shop;10.0
serviceokno.ru;5.0
serviceokno.ru;6.0
edubank.net;2.0
edubank.net;4.0
beautygrand.io;6.0
beautygrand.io;19.0
avtoremont.shop;14.0
avtoremont.shop;13.0
turbozone.ru;23.0
turbozone.ru;13.0
health-pro20.ru;13.0
health-pro20.ru;21.0
globeexpert.net;19.0
tehno-club.net;3.0
tehno-club.net;19.0
socialtoday.online;17.0
socialtoday.online;15.0
techlearn.online;15.0
techlearn.online;4.0
insurehome.net;22.0
insurehome.net;23.0
novahub.online;12.0
novahub.online;3.0
babyworld.com;12.0
babyworld.com;4.0
financetoday.shop;15.0
financetoday.shop;13.0
styleremont.ru;27.0
styleremont.ru;21.0
learnelectro.shop;12.0
learnelectro.shop;5.0
oknodeal66.com;13.0
oknodeal66.com;27.0
travelstore.com;7.0
travelstore.com;10.0
avtostore.net;24.0
avtostore.net;3.0
clickexpert.net;29.0
clickexpert.net;2.0
gift-zone.online;12.0
gift-zone.online;19.0
aptekabeauty.io;13.0
aptekabeauty.io;8.0
turbodeal91.io;19.0
turbodeal91.io;27.0
service-room.net;28.0
service-room.net;18.0
remontclick.ru;12.0
remontclick.ru;14.0
eduzone.ru;27.0
eduzone.ru;4.0
remontcenter.com;8.0
remontcenter.com;22.0
kinopro.online;29.0
kinopro.online;28.0
ticket-tehno.online;20.0
ticket-tehno.online;16.0
markettravel.shop;16.0
markettravel.shop;2.0
marketexpert.shop;17.0
marketexpert.shop;22.0
learnexpert41.io;27.0
learnexpert41.io;12.0
beautyroom.io;28.0
beautyroom.io;5.0
newsworld.net;7.0
newsworld.net;12.0
tech-hub.io;30.0
tech-hub.io;6.0
serviceshop.shop;7.0
serviceshop.shop;2.0
greeneco.shop;7.0
greeneco.shop;10.0
turbo-club.online;6.0
turbo-club.online;21.0
medonline85.net;22.0
medonline85.net;5.0
socialhome95.net;4.0
socialhome95.net;24.0
newsdom.shop;30.0
newsdom.shop;27.0
